title,body,score,num_comments,author
"Who needs â‚¬56,05 food voucher?","For work I order a lot of food trough thuisbezorgd. This has earned me a â‚¬56,05 voucher for food from Lila. They do great wraps, salads and humus bowls. I could fill my freezer, but I eat well at work and rather give this voucher to someone who needs it.

So; who does? Let me know in the comments. It would be preferable if someone would share it with others.

They way it works is that I send you the voucher code and you'd order trough thuisbezorgd.

Cheers!",189,41,Optimal-Business-786
,I don't need it myself but I wanted to applaud your generosity. Cheers to you.,,,
,Collecting statiegeld til payday and would be happy for us (flatmate and I) to eat well for a couple days!,,,
,"such a nice initiative, thanks OP for being nice to strangers, I don't need any and hope it goes to make a group of people happy.",,,
,I can take it if itâ€™s still available! can share it with my roommates that hardly get a break to eat at work (they are construction workers) :),,,
,I salute you ðŸ«¡,,,
,"Same here, I just to applaud your generosity.",,,
,So nice of you! Sending positive energy your way. Thank you for the kindness. I would love the voucher but only if no one else needs it more.,,,
,Your an awesome person!,,,
,this is awesome! should be more common! r/Random_Acts_Of_Pizza/ vibe,,,
,"This is so generous... If you haven't given it to someone already, you would make me extremely happy with this. Recently lost my job, and I'm so behind on rent &  other bills that I'm currently somewhat at a loss. Being able to order would be amaaazing. And yes, I'd invite a friend over. Would feel good to finally be the one that can provide the other person, thanks to you of course. Cheers! 

Btw, if someone has any tips about what kind of job I would be able to start effective immediately with an okay hourly pay, I'd be extremely happy to hear it. I have a University-level master's degree.",,,
,Very happy your doing this. Donâ€™t need it myself but I hope it goes to someone for ego it will make a big difference,,,
,Thats really kind of you! ðŸ˜Š You rock OP!,,,
,"That's good dude, hope someone in need will utilizes this properly.",,,
,Good on ya,,,
,So kind of you ðŸ¤,,,
,"You're a good person, much respect.",,,
,What a wonderful gesture!,,,
,You are a super hero ! The world needs you.,,,
,"ðŸ’ªðŸ»ðŸ˜ŽðŸ‘ðŸ»





This is op btw",,,
,Faith in humanity went +1,,,
,Your awesome,,,
,It could help me in thus situation i am in,,,
,I could really use it! I also live nearby so no hassle for the delivery drivers :),,,
,Awesome! I would buy one big lunch for me and my coworkers. I love lila's,,,
,"no delivery for 18months, just finished 7 year project to help kids. help me, please.",,,
,I actually need it. It would be of great help. Im kind of disabled for the past 2.5 years so chores like preparing food is not easy.,,,
,Being from the US i saw the comma instead of a period and read it as fifty six thousand. I thought that was a sizable food voucher.,,,
,Who doesnt,,,
,Oh me!! I would like to have it and share with others,,,
,"iâ€™d love to use! live in a community housing, so very easy to share!",,,
,"im a student at uva and am kinda broke rn, i have an exam tomorrow and literally no money for food. i would be so grateful if u could get it",,,
,Dude? LEGEND!,,,
,Clap clap! This could only happen in northern Europe. Such an amazing attitude. :),,,
,My daughter deserves a nice surprise :),,,
,I would like it for me and the boys in the dorm,,,
,"Student here canâ€™t afford Thuisbezorgd more than once a month really so I could definitely use it!

Im sure my roommate would love it the same haha!",,,
,"That place is like a scam, I payed 8,50 for fries and they charged me like 5â‚¬ extra for ketchup and mayo ðŸ˜‚",,,
,Ditto. Faith in humanity restored,,,
,"> job to start immediately

Ironically thatâ€™s Thuisbezorgd and/or Uber, they onboard you quick, decent pay and you determine your own hours whilst you search for something at your level.",,,
,what the fuck ðŸ˜‚ was it good ketchup,,,
Geachte Turkse Voetbalfans,"Gefeliciteerd met de overwinning, het was een goede wedstrijd. Kunt u in de toekomst alstublieft niet tot 02.00 uur blijven toeteren? Ik had veel moeite met slapen en ben vanochtend erg slaperig. En je hebt de EuroCup nog niet gewonnen! ;)",0,22,WafflesMcDuff
,Door dit soort berichten realiseer ik mij weer hoe fijn mijn woonomgeving is.,,,
,"Gasten gaan het hele verkeer tot een stilstand brengen als ze nog een keer winnen, en de politie doet er geen moer aan",,,
,geen tÃ¼Ã¼ter gehoord gisteravond.,,,
,En rijd vooral een beetje rustig. Ik kon twee aanrijdingen tussen fans zien vanuit mijn raam. Toch balen als zoiets feestelijks eindigt in dure reparaties en/of een boete van de politie.,,,
,"Alleen hierom ben ik blij als ze de volgende pot verliezen. Is altijd hetzelfde belazer met dat kut getoeter van die gasten. Maar ze breken iig geen Mercatorplein af, dus dat is op zich al een win",,,
,"Dit zijn dingen die je gwn meemaakt als je in een bruisende en multiculturele stad woont. Zaterdag speelt Turkije tegen Nederland.. nou weet je dat de stad veranderd in een turks feest als de turken winnen. Ik zou zeggen een gewaarschuwd mens telt voor 2. Bereid je voor, zo voorkom je wellicht een slechte nachtrust!",,,
,"Heel irritant om wakker te worden gehouden door voetbalfans die tot 02:00 zitten te toeteren, dat is gewoon ronduit asociaal en ik keur het af en het is niet meer dan logisch om daar verontwaardigd over te zijn.

Het volgende is daarom ook zeker niet peroonlijk aan OP gericht en ik wil hen absoluut niet van discriminatie of wat dan ook beschuldigen, dat zou absurd zijn. Toch valt het mij wel op dat er een stuk minder verontwaardiging lijkt te zijn als fans van Nederlandse voetbalclubs het voor de zoveelste keer te bont maken. Als Marokko een keer de halve finale van het WK haalt, zijn er landelijk 30 aanhoudingen en wordt het in de media (niet onterecht) een onrustige nacht genoemd. Een paar maanden later werd Feyenoord kampioen en waren er rondom de 'feestelijkheden' een stuk of honderd aanhoudingen, maar daarover werd in de media geschreven dat het meeviel en rustiger dan verwacht verliep. Dat voelt niet Kan het niet zijn dat wij toch een beetje met twee maten aan het meten zijn, zelfs als beide groepen fout zitten?",,,
,"Heb je gezien wat het Nederlandse legioen allemaal uitspookt? En nee, die staan ook nog niet in de finale en niet iedereen is fan van Snollebollekes.",,,
,Welkom in Amsterdam....ugh.....,,,
,[Ze waren gewoon grote blij](https://youtu.be/fucMkeeAvtE) (ik snap het ook niet).,,,
,Ik snap de downvotes niet. Ik woon in nieuw west en kan bevestigen dat dit de realiteit is. Upvote voor jou.,,,
,Politie zijn vrij laf en hierom hoor je ze zeiken om gebrek aan respect. Ga gvd je werk eens doen ipv dat laffe gebeuren af en toe,,,
,De havermelk elite botst met de paupers. Klassiek Amsterdam als je de geschiedenis kent!,,,
,"Waarom zou de politie niet gewoon bekeuren? Onnodig toeteren staat gewoon een boete voor van â‚¬160. 

Zelfde met toeterende trouwstoeten die met drie autoâ€™s achter elkaar door rood rijden en andere weggebruikers in gevaar brengen. Wordt niks mee gedaan.",,,
,En dat betekent natuurlijk dat het oke is,,,
,"How about het is allebei kut?

Mij boeit vooral wat mij persoonlijk raakt, ik woon aan het Mercatorplein en het was echt oorlogsgebied hier toen met Marokko en het was echt beangstigend om te zien. Dat er maar 30 aanhoudingen waren is eerder een teken dat de agenten andere dingen aan hun hoofd hadden dan arrestaties verrichten. 

Wat een paar duizend Feyenoordfans in Rotterdam uitvreten zal mij aan mijn reet roesten.",,,
,"Door die snollebollekes ben ik zaterdag voor Turkiye. De eerder die cocaine muziek stopt, de beter",,,
,"Thanks, blijkbaar moeten we dit allemaal gewoon heel normaal vinden en meefeesten ofzo? Wat een azijnzeiker ben ik toch",,,
,west is een pauper zooitje,,,
,Probleem is juist dat dit het huidige normaal is.,,,
,Mee eens,,,
Jacqueline de Jong (1939â€“2024),,0,2,herberthunke
,Although de Jong was born in Hengelo a broad swath of her important work came during her life in Amsterdam.,,,
[locals help please] Where exactly in Amsterdam was this taken?,This is a photo of me sketching the canals probably 10 years ago and Iâ€™d love to go back to this exact bench (to paint again). Thanks for your help! Dankje ðŸ’™,23,15,EveFluff
,Prinsengracht tegenover nr. 176,,,
,Prinsengracht/Bloemstraat,,,
,"[176 Prinsengracht - Google Maps](https://www.google.com/maps/@52.3743345,4.8828446,3a,75y,154.48h,60.64t/data=!3m6!1e1!3m4!1smj6dMOy0RKCc1yzDcgKfWw!2e0!7i16384!8i8192?coh=205409&entry=ttu) here you go, it has changed a bit tho!",,,
,"
Soen, had a nice meal there a few times. Once I got off the tram with my mother on the way to Soen. Mother, not used to the hustle and bustle of Amsterdam, got a bit in the way of a nice-looking, fragile-looking and stooping old lady. While my mother apologized, the old lady spoke to her in a genuine flat Amsterdam accent; â€œuit kijkuh KUtâ€, which translates roughly to â€œwatch where youâ€™re walking, CUNT!â€ðŸ˜….   

Had a nice meal afterwards at Soen",,,
,In the summer?,,,
,Close to a canal,,,
,Bloed straat man,,,
,This guy Amsterdams,,,
,Wow. Yep. The bench is at the corner of Prinsengracht and bloemstraat. Well spotted!,,,
,Phew. Thatâ€™s really good.,,,
,We got rainbolttwo over here,,,
,"Ik wist nog toen ik deze straat zag op zo'n basischool spelling muziekje, haha, ben te amsterdams.",,,
,Too bad they are closed. While the interior looked like a traditional old Amsterdam bar the food was really spicy Thai food.,,,
,In colder than the shady side of a banker's heart.,,,
Amsterdam overtourism: City moves to ban cruise ships,,315,85,guyoffthegrid
,"â€œAmsterdam is taking new steps to fight back against overtourism by launching plans to relocate its passenger cruise terminal to outside of the city centre.

â€‹â€‹By 2035, none of the boats will be able to dock in the iconic capital.

[ â€¦ ]

Currently, the amount permitted is 190, but thatâ€™s slated to go down to a maximum of 100 from 2026.

Itâ€™s been agreed that Rotterdam in the south will take more than 40 ships not welcome in Amsterdam from 2026.

[ â€¦ ]

By 2027, any boats in the Amsterdam terminal will be required to use shore power only to lessen their environmental impact.â€",,,
,Good.  I would love to see the cruise ship industry just disappear in my lifetime.,,,
,How about first the fucking 100 candy shops and ice bakeries . Amsterdam lost it's identify long agoÂ ,,,
,"Any ban on cruise ships Iâ€™m onboard with, the big ones emit the same NOx & SOx annually as about 9 million cars. The thing people need to live or see a loved one, cruise ships are genuinely the worst thing we have and the fact that we donâ€™t completely ban them is a crime.

However, the war on tourists in Amsterdam has been so wildly mismanaged, the municipality has been great at mismanagement. We live in an open-air museum and we need income to pay for the insane cost of keeping it all the same. Tourism is a great way to generate that income. However, we should focus on making it more expensive for tourists and leveraging that, any other method of reducing tourists doesnâ€™t work.",,,
,Lol their just docking in zaandam now and putting the people on busses to Amsterdam,,,
,"It's indefensible to ban a 2006 VW Golf from entering the inner city, but not the large swaths of cruise ships that spew far more pollutants into the air.",,,
,"I donâ€™t care about the amount, but I love nearby and the smoke is so fucking unhealthy from these ships. So glad to hear they will need to use shore power from 2026. Although Iâ€™m sure deadlines wonâ€™t be met.",,,
,Cruise ships will dock a bit further and just use touringcars at that point,,,
,"They are targetting the wrong tourists. People on the cruises are the ones that are actually interested in Dutch culture (they visit museums, restaurants etc.) and treat the city with respect. These people have paid a lot for these cruises and are willing to pay good money for activities in the city.

The problem are the young people flying in with a budget airline, stay in an Airbnb for a weekend with a group, get high and drunk at the same time, puke in the streets and donâ€™t spend a penny on any cultural activities besides a canal tour and Madame Tussauds. The governments needs to look at a city like Barcelona how they are fighting these tourists.",,,
,Get rid of all the duck stores as well please,,,
,"This is a bit of a reversal of what is actually going on. What is going on is that the city thinks new bridges in Oost and West are more important than some tall cruise ships. So a new location for the cruise terminal was being looked at and only Coenhaven was deemed suitable enough. If it's too expensive or it doesn't work out, then too bad, no more big cruise ships. Taking all this account there is also a limited willingness to invest in the cruise tourism industry since it's seen as environmentally harmful and superfluous (not like we need the tourism with the records that keep getting broken). So that means only limited amount of ""walstroom"" (electric power supply rather than spouting highly toxic fumes into the air) will be available. No access to walstroom, no access at all. That's the ""ban"" we're talking about.",,,
,"They need to get rid of Halsema, she is destroying Amsterdam!",,,
,"About time

https://preview.redd.it/pkzxccm2naad1.png?width=1080&format=pjpg&auto=webp&s=f04b3273783955a8dfa87c5cc6088f02b2c14726",,,
,Behalve voor asielzoekers natuurlijk.,,,
,"By 2035â€¦? Small boats in Amsterdam have to be electric by 2025, but cruise ships are still allowed??",,,
,"Imho a completely unnecessary and damaging industry.

I had high hopes the whole industry would collapse during the Cvid lockdowns, unfortunately they have been more resilient than I ecpected.",,,
,And the Argentijnse steakhouses,,,
,And the duck shops. Seriously.,,,
,Very well known money laundry places...same as in other cities,,,
,What do you think the purpose of this is? Having less tourists means less tourist shops.,,,
,"This is every major city in Europe, started in London a decade or more ago now every high street in England is. Barbers, American candy, bookies, pawn shop, western money laundering services and a few more barbers. Those rubber duck shops are starting to increase. Itâ€™s not that people donâ€™t want small business itâ€™s because itâ€™s too expensive for normal people to pay rents. If you have cash to lose you can afford super high rentals. I walked past that big candy store in Amsterdam (opposite or just up from Albert Heine local) and the rubber duck shop about twenty times last week and never saw a soul in there? How do they pay rent? Cash is king! If Amsterdam got rid of tourists completely that would be bad for the city however getting away from the piss heads who come to cause agro 100 percent. Xxx",,,
,A friend worked in one and said that most of them are basically owned by the same person.. he made so much money that wouldnt be a drama for him to close down or selling different things.,,,
,"Hardly the cause.

Tourism exploded following the 2008 Financial Crisis when the city government needed to make up budget shortfalls due to cuts in funding from central government.

I would expect a similar story for most major Eurooean cities such as Berlin and Barcelona.",,,
,"If that was due to tourists only, Paris the most visited city in the world would be full of those and it's just not the case. There's another reason",,,
,"There's a limit to how much the city can control what people sell in their shops. The tragedy is, a lot of bakeries and restaurants in that area used to be good but were forced to cater to tourists when they found themselves surrounded by tourist shops. When there's fewer ""low quality"" tourists, or they're more spread out, and locals start going to the center again (as we ought to be doing currently, there's still some places there absolutely worth going to), perhaps it can change.",,,
,What the hell is an ice bakery,,,
,Banning 20 year old drunk and or stoned tourists would probably be age discrimination unfortunately.,,,
,I hate those too. But as long as it makes them money cuz of tourists...,,,
,"Cruise ships fuck up our air quality, candy shops just a few square meters in the centre",,,
,">Â the big ones emit the same CO2 annually as about 9 million cars


I believe that figure is true for SOx and NOx, not CO2. Nevertheless, I agree with your point.Â 


Cruise ships are basically highly polluting diarrhea prisons.Â ",,,
,Seeing cruise ships on geiranger is such an atrocity. Amsterdam need to stop cruise ships,,,
,"> and we need income to pay for the insane cost of keeping it all the same. 

Absolutely insane take. We're keeping the city in good order and condition because that's the right thing to do. It's what we always have done and what other non-touristy Dutch towns also do. What the humongous amounts of visitors to our city do is increase the cleaning budget through the roof. Also note that we have police capacity allocated by The Hague based on the number of residents, those millions of tourists a year are not counted, but they do get involved in a lot of crime as well (either targeted or participating). The city has been begging The Hague for years now.   

> Tourism is a great way to generate that income.   

Meh. It's costing us a lot. Both in actual money and in culture and social cohesion.",,,
,Yeah but the 2006 doesn't bring in the money like the cruise ship ofc,,,
,"The problem is that the city gets very little revenue from cruise passengers, but the costs associated with a large number of people are borne by the city.

Most of the revenue to locals comes from services which the cruise ship tourists don't use. Local transport, dining in local restaurants, etc.

https://www.eur.nl/en/news/cruise-ships-rotterdam-not-profitable are the numbers for Rotterdam.",,,
,"It's on the contrary widely documented that cruise ship tourists are the ones generating the least revenue for the local economy of the place they visit. Most of these tourists just do a guided tour, buy a few souvenirs and that's it. This is the worst in my opinion. They are labelled as hit and run tourists. See examples of Venice as evidence, and given quote: https://www.euronews.com/travel/2023/05/13/ive-lived-in-venice-for-8-years-why-do-i-see-see-cruise-ships-here-when-theyve-been-banned
As passengers tend to eat and sleep on the ship, they contribute relatively little to the historic cityâ€™s economy while weighing heavily on its infrastructure and resources.",,,
,People on those ships will not pay for food or hotels since both are included in the cruise. So they will buy some shitty merch from a tourist store and that's it. Maybe visit a museum.,,,
,How so?,,,
,"This is actually one of her brighter ideas. Maybe a bit slow, but you canâ€™t have everything.",,,
,"Ok Adjective-Noun-Number 

Your opinion has been noted",,,
,You know she does not have any influence over tourism or economic policy right?,,,
,"You know these will stay, right?",,,
,That only applies in the city centre unfortunately.,,,
,Gaat wel wat meer geld en een grote lobby in om.,,,
,">Small boats in Amsterdam have to be electric by 2025, but cruise ships are still allowed??

Is that rule applicable to het Ä²?",,,
,"I hate to be so blunt and mean, but it's an industry completely built on making low class people feel upper class.  People go on these floating trailer parks and act like they're on some elite vacation.

  
You never see rich people on a cruise ship.  



I'm sorry but I'm tired of hearing the defense ""Just because you don't like it, doesn't mean you can tell others not to do it.""  They're damaging the ocean and environment.  I don't tell people not to do things that don't affect me.  This affects us all negatively.

  
Thank you for hearing my rant.  lol",,,
,Can somebody explain this phenomenon? When I was looking for work in horeca it surprised me how most of the owners are actually eastern european. Figured it has something to do with some mafia but why the common theme?,,,
,Some of those have been around for so long that they are a part of Amsterdam culture.,,,
,Yeah what the fuck is up with all those duck shops?! It's ridiculous!,,,
,"Whenever my girlfriend goes shopping, I just stare at these empty stores at extremely high-rent locations and always wonder why I donâ€™t see anyone go in or out in the 15-30 mins that Iâ€™m there. Arrived at the same conclusion; these can only be laundering fronts",,,
,It means less shops in total. The other shops aren't coming back. Bol and Amazon ate them.,,,
,"Even without customers they generate a steady stream of cash revenue.. 
Why do you think barber shops are so popular? No turnover in stock needed to justify the incoming cash.",,,
,And the rise of air bnb. So there were more places to stay.,,,
,A lot of people come to Amsterdam for different reasons than people go to Paris.,,,
,I think they mean a bakery that sells ice cream.,,,
,"Some former Nutella shops that had to change their name started calling themselves ice bakery

They sell ice cream and waffles",,,
,Most likely money laundering.,,,
,"Good fact check, I have looked it up and indeed, CO2 wise itâ€™s closer to a million cars per ship. !",,,
,And proven floating Covid coffins.,,,
,https://www.parool.nl/cs-b64acd3e0/,,,
,Cruise ships donâ€™t bring in as much spending power as youâ€™d think. Especially since they eat all of their meals on board generally,,,
,"I have no idea how they do it in Rotterdam. As far as I know in Amsterdam, the river cruises (smaller ships not the huge one) for example have guided tours in the city. They use public transport to travel through the city and visit museums, restaurants etc. If they are docked for two days, they will visit the city and are visiting shops and local restaurants. Besides that the guides are also local people, Iâ€™ve never seen a group of young people from the UK taking a guided tour or visit a museum. They are focused on partying and spending the least possible and visit the big (candy)stores in the Kalverstraat.

In my opinion if they want to solve the problem of overtourism, start with Airbnb. The amount of flights coming in from the UK is insane. A good amount of these people are the ones that see Amsterdam as a big party jungle and donâ€™t show respect to the city nor the people. 

After being more strict on Airbnb and it is still a problem - I agree, start with the deducting the amount of cruises.",,,
,"Not true. Big sea ships yes, but the majority are river cruises like Viking. They usually arrive 2-3 day prior the departure of the ship and stay in a hotel in Amsterdam. On viking cruises only breakfast is included so they eat somewhere in the city for lunch and dinner.",,,
,If you believe that you are either naive or uneducated. [https://www.bloomberg.com/news/articles/2022-07-21/amsterdam-s-mayor-frets-about-sex-drugs-and-tourism](https://www.bloomberg.com/news/articles/2022-07-21/amsterdam-s-mayor-frets-about-sex-drugs-and-tourism),,,
,"No, but you can't enter the canals with the exception of the mast route if I remember correctly.",,,
,"Youâ€™re right you never see rich people on cruise ships. They have their own yachts instead, to make sure they donâ€™t have to mingle with the rest of us. 

https://nauticalchannel.com/new_amp/jeff-bezos-superyacht-gets-stuck-in-rotterdam",,,
,Floating trailer park is spot on ðŸ‘Œ,,,
,"Hear, hear.",,,
,That HAS to be money laundering.,,,
,Don't forget rubber duck shops,,,
,"No way they're making even a fraction of the overhead from sales, no.",,,
,Amsterdam is a place with plenty of entrepreneurs still making it and trying it. It's not Klazienaveen.,,,
,This actually goes back to the 1970s when jumbo jets filled with college aged Americans introduced the kind of tourism that Amsterdam is now known for.,,,
,"Oh right, yeah they're terrible and literally everywhere.",,,
,"Sure, the cruise company must still pay quite a big fee to the port though!",,,
,so you guys hate both poor and rich people?,,,
,"I actually see quite some people in those stores. And super high margins, they cost 12-20 euro a piece while production would cost 50 cents.",,,
,"I hate people whose leisure activities destroy the planet.  Their income is irrelevant.  

  
So yeah, I hate 1000 poors on a cruise, and I hate 1 rich on a yacht.",,,
,Fucking middle class people man. They canâ€™t make a decision what they want to be. Too stupid too save money and too lucky to be poor.,,,
,More like 2ct really,,,
,I would rephrase that as I hate activities that destroy the planet.,,,
,"Hah... the way I see it is they want to be rich but they're actually poor, but skilful enough to keep the rich happy.",,,
,"Well since every one of them that I've told this to has told me to go fuck myself, no I hate them.",,,
,"I feel you

Poople often don't care",,,
,"It's like,

""Hey man, this thing is really bad for the planet.  And we're going through climate disasters.""

""I know, it's crazy.""

""Maybe don't keep doing it?""

![gif](giphy|jQmVFypWInKCc|downsized)",,,
Oplossing woningnood ,Wat zou de huurprijs zijn voor dit hok?,60,19,LeRoiChauve
,Maareuhâ€¦. Zonder gekkigheid iemand huurt een kraan voor een speelhuisje?,,,
,Pluk van de petten flat gaat daar wonen,,,
,"2000 euro per vierkante meter, denk ik .... uitstekende investeringskans voor blackrock",,,
,Ziet er te fancy uit. Dat kan ik zeker niet betalen.,,,
,Optoppen. Goed idee.,,,
,"De tering gast, ik ga stuk hier.",,,
,Huisjesmelkers na 1 juli.,,,
,Lol ben ik de enige die zit afvraagt waarom hier een kraan voor nodig is?,,,
,"Haha lache, ik zag dit ook vanochtend in BoLo. btw die gerenoveerde appie is erg nice",,,
,Hoe wil je hem anders op het dak krijgen?,,,
,Dit wil ik ook weten.,,,
,"Ik bij het geluid, welke film is dit?",,,
,"Ja, ga vaak ook naar die tegenover Kesbeke. Iets ruimer en nu dus van dezelfde opzet.

Begrijp niet waarom twee Appies zo dicht bij elkaar zitten.",,,
,"Speelhuisjes komen meestal als bouwpakket.

Dus gewoon, plankje voor plankje.

Gezien een kleine kraan al voor â‚¬100/uur gaat (minimaal 3 uur) en dit geen kleintje is, zal deze grap meer kosten dan t huisje zelf.",,,
,Dat geluid komt toch van de kraan/hoogwerker?,,,
,"Vroeg me dit ook al af. Enige wat ik kan bedenken is dat die kraan er stond voor iets anders zwaars, dat ze toen zeiden, doe die dan ook maar gelijk. Scheelt demonteren en weer monteren.",,,
,"Deed mij denken aan de film War of the Worlds. 

Maar ik ben dan ook gewoon raar.

Edit woord",,,
,"Ik heb ooit een tape gehad van de musical. Heerlijk! En wat soundbites gegroeid, van het origineel van de legendarische Orson Welles. Het is bijna niet voor te stellen, dat er mensen zijn geweest die daar daadwerkelijk van in paniek raakten.",,,
For who-ever is in line for the Stedelijk Museum right now! I got some student tickets for the Marina AbramoviÄ‡ I can't use anymore for you.,"The entry is from 11.00-11.15

2 student tickets + surplus charge

I know it's a long shot but it would be such a waste to let them be unused and I have no friends there

Her work explores body art, endurace, the relationship between the performer and audience, the limits of the body, and the possibilities of the mind. Being active for over four decades, AbramoviÄ‡ refers to herself as the ""grandmother of performance art. She pioneered a new notion of identity by bringing in the participation of observers, focusing on ""confronting pain, blood, and physical limits of the body""

So let me know and I'll send them over rn.

For the mods:

I promise this is legit, cause I am not trading or selling, just giving away :)

  
edit: sorry everybody. Too late now :(",27,5,Undercoveronreddit
,"stand in front of the line, set the tickets on fire in front of everyone. take the ash and smear it all over your face. blow the remaining dust off your hands towards others. rush the guards, then stop short and adjust your clothes and walk in. they let you in and welcome you. oh applause. panem et circenses. it was all a part of the show.",,,
,Are you still in the queue? I can come in 30 min,,,
,Why would you want to see anything that has to do with that satanist? Iâ€™ll pray for you,,,
,I'm sorry I've missed you!,,,
Pics I took of Amsterdam these last months,,214,18,Letossgm
,"Being from the great city of Amsterdam, Iâ€™d say they really catch the atmosphere.. nice !",,,
,Beautiful â¤ï¸,,,
,"Ferrari Canta is Amsterdam's inner animal. We might not have New Yorkâ€™s skyline, Londonâ€™s food scene, or Parisâ€™s fashion, but weâ€™ve got whimsy. We do embracing our quirky, and not taking ourselves too seriously.",,,
,"Spotted that Ferrari canta before and wished Iâ€™d taken a picture, thanks OP :)",,,
,Lovely sky,,,
,The cat on the second pic looks exactly like a lost cat from a poster I have just seen,,,
,OP walked from Haarlemmerplein through Staatsliedenbuurt... And it took OP months? ðŸ˜œ,,,
,Makes me wanna leave and head back for the Donegal hills really,,,
,Amsterdam is a bad city go to bijlmer or amsterdam east you see how fuckt up it is,,,
,"Thanks, mate! I love this city and all the hidden gems it has.",,,
,"If I encounter myself having one of those in the future, for sure I'd add some Ferrari stickers on it hahaha",,,
,I'm here to serve.,,,
,"It was from a random afternoon where for some reason the sky got that purple, red, and orange tone. It was impressive. The pic has no filters.",,,
,That's why the other cat has an air tag.,,,
,"That cat is from Staatsliedenbuurt, near West. I took that pic a while ago, tho.",,,
,Hahahaha I live in the area. Promise next time I go to Oost to take some pics just for you.,,,
,Does anyone have a idea where buy that airtag collar for cats/dogs? Ive been to countless pet stores in the netherlands and they only sell harneses with reflective colors.,,,
I found my stolen bike! Now what?,"Alright so, about a year ago I had the universal Amsterdam experience of having my bike stolen- I'd left it with only the back lock on, in front of my uni building in broad daylight for about 3 hours. It was a crappy bike that had very recently been fixed- new chain, new wheel- and most importantly it was painted bright purple/blue, I honestly couldn't belive it was stolen in these circumstances- but i shouldn't have underestimated Amsterdam.

This morning I saw it again, parked by Zuid, its back lock open but tied up with a chain. It's 100% the same one, down to the bell and two little red zip ties on the back. I couldn't stop long since I had to catch a train, and it probably won't be there again tonight.

What should I do in this situation, if i see it again? I definitley don't wanna call the cops, and honestly I have very little hope of seeing it again, but still, if anyone has any ideas of what I should do in this situation I'd appreciate any advice. :))

",417,180,under_caffienated
,Quickly put a lock on it!,,,
,You steal it back. Leave a note on the broken lock to explain if you want to be nice.,,,
,"This happened to me once. But the bike wasn't locked at the time. 

So I just *found* my old bike and took it home.",,,
,"Itâ€™s Amsterdam, no Amsterdammer ever asked himself â€˜thatâ€™s my bike , what should I do nowâ€™ and police doesnâ€™t even make the top 10 of things that come to mind",,,
,"Quickly locking it isn't a bad idea. 
Just a thought - how likely is it that it was sold to another person already? 
Doesn't mean you shouldn't do something about it. 

Id approach this person respectfully - I wouldnt assume it's the same person who stole it.",,,
,"Did you ever check the bike depot? There is a chance the gemeente took it there, then it was never claimed and then resold by a bike shop in town.",,,
,"Move the bike to a fence and put a much heavier lock on it than what is on there now. Lock it to the fence. What kind of amateurish bike lock is this anyway?

Then just go back in the day with some tools and cut the crappy lock open. If anybody asks questions just say you lost your keys to the crap spiral lock.

Or just pick it up like this.. it's not locked to anything. Walk it home. Cut the lock off at home. Give it a new paint job. Buy a much better lock for when you use it again. These spiral locks can be opened with a screwdriver in seconds.",,,
,"Steal it back ðŸ˜‚ðŸ˜‚ 
Its super easy depending on the lock get a cable cuttter with ratchet wire on it , you can get steal it back under 4 mins and if the cops come and whoever stole it starts acting up , if you have pictures of it use it as evidence",,,
,Our bike.,,,
,"Unless you had your bicycle registered under your name, as engraved a serial number onto your bicycle and have it registered. 
Otherwise it's a loss cause. Next time have it engraved. 


https://www.amsterdam.nl/verkeer-vervoer/fiets/fietsdepot/fiets-graveren/

They have a calendar to where they will be located. They do it for free. It has been organised by the municipality of Amsterdam due to the high rate of bicycle theft.",,,
,Steal it.,,,
,Steal it back lmao,,,
,"Plot twist: it's not an OP's bike, he's just plotting the proofs that this is his one before stealing itÂ ",,,
,[removed],,,
,The bike behind it looks exactly like my stolen bike! ðŸ‘€,,,
,Airtag mate,,,
,Take it back of course,,,
,"Now you steal it back that's the rules.
And make sure it doesn't get stolen again.

Or break the bike, slash tires etc. If you can't have it back nobody gets to enjoy it.",,,
,Steal it back....,,,
,"I saw someone riding my stolen bike in westerpark. I confronted him and it became a whole scene because he didn't want to give it back and I didn't want to let go (""it is my bike and I want it back!""). So the police came and they checked the framenumber and since I reported it stolen they arrested the guy. He said he bought it in good faith but I had a proof of purchase so in the end I got the bike back.",,,
,"You do what any sane person would do. Put a tracker underneath the saddle, find out where the thief lives and continue to smear dogshit on the door handle of his house every day.",,,
,Just wait......,,,
,If you have a police report that it was stolen you may have a chance by contacting the police and there are some interesting tips mentioned. If you don't have one I am sorry to say but you don't have my sympathy: no police report means less stolen statistics means less effort to do something on bike theft.,,,
,Take what is yours,,,
,"Steal it right back, it's yours to begin with",,,
,Take it home! Itâ€™s your bike. ðŸ¤·â€â™‚ï¸,,,
,"I once had my bike stolen only to find it back 3 days later. It was unlocked so I took it home, got 2 new locks and Voila!",,,
,"Do you still have the back lock? It looks unlocked. That should help prove it's yours. 

Did you file a police report that it was stolen?  Are you sure it was stolen?  Maybe you just parked it there and forgot, and now have lost the key to that second lock (or someone put it on your bike while it was sitting there - that happens as other's mentioned in the comments).   
  
If you just now found your bike that you had misplaced then you can carry it away or cut the lock off.",,,
,"Yeah steal it back, it's yours after all.",,,
,Steal,,,
,"Tbh if it's your bike, just take it back.",,,
,steal it back,,,
,"Put a tracker on it. As soon as it moves, go there and demand your bike back.",,,
,Phew.. thanks for the heads up! Iâ€™ll make sure to paint it a different color before I go back to zuid ðŸ‘,,,
,Its yours yoink it back from the scum,,,
,Steal it back motherfucker you have our permision,,,
,Steal it back,,,
,"All the bikes i've ever owned in NL have been stolen, i keep wanting to stop Swapfiets but it's been 5 years now and no bike stolen",,,
,"For those wondering, hereâ€™s how to report a bike theft online. https://www.politie.nl/aangifte-of-melding-doen/aangifte-van-diefstal-fiets.html",,,
,Take it because it is yours,,,
,Your bike belongs to the streets,,,
,Buy a betonschaar at a bouwmarkt,,,
,"There are 'bike lock services' that can help with that. Google it, call them, they would be there within 1 hour to cut the lock. Cost around â‚¬20 and they don't ask questions.

Don't bother with the police etc.",,,
,You didnâ€™t move it???,,,
,steal it back,,,
,Steal it back,,,
,Take it back?,,,
,"Resteal it?

![gif](giphy|l8vN5etR8DIoHA0qzV)",,,
,Am unreasonably annoyed that you just walked away and didn't at least move it somewhere else to break it open later.,,,
,Steal it back.,,,
,Just take it? Its yours right,,,
,If you didnâ€™t declare it stolen to the policeâ€¦ not much.,,,
,Steal it back :),,,
,"This sounds silly, but just steal it back. If u can proof it's yours, put a lock on it, and destroy the current lock. If there is one on there that isn't yours..",,,
,What do you mean now what? I think what now is pretty obvious. Get it back,,,
,"Check the frame number and if it matches then take it back, going the police or leaving a note will not help.If it is not locked to anything which it does not look like it is, pick up and walk it somewhere else and put a good lock on against an immovable object.",,,
,If you have proof of ownership you can just show it to anyone questioning you when you are cutting the lock,,,
,Steal it back.,,,
,"If you dont want to call the cops, what are you asking us for?",,,
,"So ur bike was taken?
Next time out a GPS tracker on it, wait for them to go home. Call Liam Neeson and let him use his skills.",,,
,"If itâ€™s just locked to itself and nothing else, pick it up and walk it home or if thatâ€™s far away to a place that you can easily comeback to thatâ€™s hidden enough from where it is nowâ€¦",,,
,"Dude, just take it. It's yours.",,,
,Put a lock on in and take it home you can even remove any other lock if you can prove itâ€™s yours,,,
,"Run to the nearest shop where they sell staatsliten or krasloten and buy a shitload, cause you are in luck today!!!",,,
,Call the police they will sort it out for you. Also don't put your own lock on it but observe the bike till someone comes and unlocks it to get the person arrested.,,,
,Double it and give it to the next person.,,,
,Steal it back,,,
,Take it back! first move it somewhere else and or get another lock. Then either involve police/handhaving whatever or get a 'betonschaar' or sumfink to cut that lock on the rear wheel. It doesn't look like a very difficult lock to break.,,,
,"Come back with tools to cut the lock and steal it back I guess. Bring a friend in case the thief sees you. Chance of cops seeing you is little and if they do, say itâ€™s your bike. You probably have a photo of it on your phone to support that fact.",,,
,"Steal it back, keep the cycle going",,,
,Pfff. Steal it back,,,
,Just steal it back the police here wont do anything either way when your bike got stolen when my Electric swapfiets got stolen the police said they werent gonna do anything,,,
,Steal it back...?,,,
,steal back,,,
,"You obviously steal it back I. Did that with. My station bike aswell because it had distinct paint splatters on it from the time my daddy dropped a bucket of paint.

I'm pretty impessed by how easy it was to break the sad excuse of a lock on it lol",,,
,Steal it back xD,,,
,"So thatâ€™s where I left it,get on ride away",,,
,"Itâ€™s an 25 euro bike, take the loss, an new lock is more expensive",,,
,Time to steal it back.,,,
,"Well, It's unlocked, so just cycle home",,,
,"just take it man, its free for all in the netherlands",,,
,"I had a similar experience in Groningen. Luckily when I got it stolen I reported it to the police. After 6 months I found it, I called the police, they came over and they took the bike to the police station. I followed them there and they gave me the bike back",,,
,"1) put your own lock on it

2) find a person with an angle grinder and saw open their lock",,,
,Call a bicycle shop near you and ask tell them you lost the keys. They'll come and remove the locks. You do have to show your ID to them.,,,
,Steal the saddle. Or deflate the tires.,,,
,"Call the Police, and say you found your stolen bike back. And say they put another lock on it. The Police must help you in this stolen bike case.",,,
,That rusty bike is not worth the trouble. They did you a favor.,,,
,Je bent in Nederland. Dus spreek Nederlands. Dat Engels doe je maar in USA of Engeland.,,,
,Airtag mate,,,
,Now you put a tracker om it wait till he-she takes its home and now you have their home address for (countless pizza deliveries),,,
,[removed],,,
,"They stole my dads zundapp by putting their lock on it. My dad noticed it, but didn't call me nor do anything, and just left it in the shared bike shed of the apartment building.
Few days later he called me that it's gone...",,,
,"I never thought about this. This is a good one.

Also, I would never leave the bike there without checking on it until I figure out what to do. Now you don't know if you'll see it back.",,,
,Genius. And call the cops while he's trying to get your new lock off. And the open it with the keys in front of the cops.,,,
,Plus leave a note with your number on the bike: you and the current owner will work something out: he/she is probably not the one that stole your bike. Gedeelde smart is halve smart!,,,
,And search for any Germans near....,,,
,"Screw that, leave a note telling them to go fuck themselves",,,
,"Same with me, although the same bike got stolen again a few days later",,,
,"Recently looked up all the rules for this: 
- if someone has bought it already, it should still be returned to the person it was stolen from if this was less then 5 years ago. If they bought it at a store (and you have a bill to prove it) the store can be held liable, if they bought it from a fishy dude they knew they were in the wrong. Any repairs done by the person who bought it should be reimbursed by the person who owned it before it got stolen (again bills required etc. 
- if its longer then 5 years the bike is now legally fully owned by the new owner. 

In reality the cops arenâ€™t going to come for a stolen bike (but if you happen to catch one on the street they might help you). So you can put another lock on it with a note explaining the above and that you will call a cop if they donâ€™t remove their lock. Or go rogue and steal it back risking having to explain what is going on (I donâ€™t know what the consequences would be if you do not have enough proof itâ€™s yours).",,,
,"If you phone the police, they should tell you what to do.

Although fighting fire with fire, stealing it back with the story ""I lost my keys"" would be a move too",,,
,"Lawful yes or no?
Peaceful yes or no?

You have options ðŸ˜‚",,,
,It is 99% sure not the person who stole it. Probably someone who bought it for â‚¬20 from a thief/ junkie.,,,
,No they will not open the back lock like that. This one got stolen and had the back lock cut open. Lazy ass thief.,,,
,Never would have thought of that,,,
,How long does it have to be there until they can sell it?,,,
,Iâ€™m pretty sure nowadays these uncollected bikes get shipped to other countries,,,
,Real Amsterdam style,,,
,"If it were me id wait for him , then shit would get real as soon as he unlocks it , id beat his ass up steal it back and tell the police if they dont beleive me i guess im gonna sit my ass in a cell for a month",,,
,ðŸ«±ðŸ«±,,,
,Or OP bought a stolen bike and someone stole it back off them â€¦,,,
,Your post has been removed. /r/Amsterdam may not be used for illegal purposes or for advocating illegal behavior.,,,
,Airtag costs more than the bike,,,
,What's the point of that? It's probably been sold already.,,,
,Doe aardig.,,,
,"Please tell me that was in the 40 yearÂ´s ago

Because that would be a sin if it happened today",,,
,Only works when you already made a report on the stolen bike with pictures of the bike that was stolen or a detailed description of it. Otherwise i can just walk up to any bike put a lock on it and claim it as mine by opening the lock i put on it 15 minutes agoâ€¦,,,
,You really think it's still the thief that's using the bike? It's just somebody who bought a cheapo bike somewhere.,,,
,Yeah lol cops in Amsterdam have better things to do. Theyâ€™ll never get anything done if they start worrying about bikes.,,,
,OK any Austrians too....,,,
,"The 'new owner' of the bike is very probably not the one who stole it. 

Probably bought it off a junkie/ thief. I think they'll even have a laugh when they see the note.",,,
,"Meme response: Screw that, just leave a big dump on the lock.",,,
,"Well, if you 'steal it back' it's legally not stealing, cause it still belongs to you. It's just revindicating. 
And if the police isn't going to investigate it when it gets stolen from you, they also won't when it's stolen by you haha",,,
,"Like weeks, seems unlikely it happened after 3 hours, unless there were big signs to say no parking and you already had a 3-week old removal sticker",,,
,They donâ€™t really like the whole eigenrichting thing in court,,,
,"It will definitively NOT work if you filed a police report. The police will say they cannot know if the current owner is of bad faith. So the trick is to make the current owner look like he is stealing the bike for the first time. The original owner can support the claim with a proof of purchase, and the current owner probably canâ€™t.",,,
,"Buying a stolen bike is still illegal, although you can never be sure that the bike you buy was stolen or not ðŸ’",,,
,And the broken lock aint a red flag for the owner?,,,
,"Anybody who bought a stolen bike and says they didn't know it was stolen is lying. Fuck them, I hope it's a long walk home.",,,
,"> cops in Amsterdam have better things to do

There are so many Moroccans to harass!",,,
,Plenty of questionable shops who buy it off junkies/thiefs without asking too many questions.,,,
,"If you bought a bike with a broken lock, you can go fuck yourself too",,,
,"Doesn't matter, fck them for buying stolen shit",,,
,"They knew they were buying a stolen bike, they are as much or more culpable than the thief.",,,
,"I know but if youâ€™re at Amsterdam zuid an a cop sees you cutting a lock and you donâ€™t have anything to prove itâ€™s yoursâ€¦ they will assume you are stealing and you might get into some trouble and your word means nothing in that moment But if you have bills, old pictures of the bike, or the keys etc you should have nothing to worry about.",,,
,"We hebben gewoon derdenbescherming in dit land, het kan zijn dat de huidige enige houder dan wel de rechtmatige eigenaar is. Niet dat het heel erg uitmaakt in de praktijk, want niemand gaat procederen om een fiets van een paar tientjes.",,,
,"Yes, it will still be stealing. There is a legal difference between owning the bike and posessing it.",,,
,"If itâ€™s parked in a no-parking zone they can take it nearly straight away (I think they sometimes give a 20 minute notice?).

Mine was taken next to Zuid station, the bike racks were full on the Gustav Mahler side and I parked right next to them. There were many other bikes parked all around as thereâ€™s so little space. Few hours later they were all gone. 

Got my bike back through the depot.",,,
,"Well im from the hood / slums that just how we roll â€¦ u play you lay ðŸ”« 
Maybe eurooe is different",,,
,If the report is younger than 5 years you SHOULD legally get your bike back even if its sold to someone else. Its crappy for the one who bought the bike but sadly thats how it works here.,,,
,a police report for a city bike lol. aint nobody got time fo dat,,,
,"What if you have older pictures of the bike possibly with you, its frame serial number, purchase documents?",,,
,The bike doesn't look like it will have proof of purchase.,,,
,"There's the principle of 'te goeder trouw' so as long as you can reasonably say that you had no reason to believe it was stolen.  (Granted, a hard one to sell with a broken lock on the bike). But realistically this plus the fact that police are understaffed means that this wouldn't be a priority for them. Not saying it's right, but that's how it is.",,,
,"You can, but then you're called a racist.",,,
,A lot of people don't care. They bought off some guy on the street for 15 euros or whatever. They know it's not legit.,,,
,[removed],,,
,[removed],,,
,"At one point I had three, junkies kept selling it to me at the disco dolly few years back and it was cheaper than a cab lmfao",,,
,"If you buy bikes from some guy on the street, or via Marktplaats for much less than a normal bike is worth, you purposely take the risk that it is a stolen product, and probably KNOW that that is the case. The police does not do anything to help you, so the only way to fix this is to take it back. Start by putting a really nasty lock on it if you cannot immediately take it with you. That way the person that bought it knows how nice it is to come back and not being able to use the bike.",,,
,"Deze fiets is niet zo verkocht door een stenen winkel, dus die derdenbescherming valt wel mee. Revindiceren die handel.",,,
,"Nee, heling is illegaal en als een gestolen voorwerp wordt gevonden door de politie moet je dat gewoon afstaan en kun je fluiten naar wat je de dief betaald hebt.",,,
,"I am aware. Let me explain the legality in Dutch:

Art. 310 Sr: ""hij die enig goed dat geheel of ten dele aan een ander toebehoort wegneemt, met het oogmerk om het zich wederrechtelijk toe te eigenen, wordt, als schuldig aan diefstal [...]""

De reden dat het terugnemen van je eigen fiets hier niet onder valt, is dat revindicatie een rechtmatige en wettelijk geregelde bevoegdheid is van de eigenaar (art. 5:2 BW). 

Tuurlijk bestaat wel het risico dat de fiets inmiddels aan de hand van art. 3:86 lid 1 jo. 3:86 lid 3 onder a BW is verkocht, en OP niet meer de eigenaar is. Dan is er wel sprake van diefstal.",,,
,"Well that's kinda fair, like if it was a no parking zone it is okay but i see some bikes that sit for a very long time with stickers and never get moved",,,
,Well this aint the hood/slums so adapt to how we do things here bud.,,,
,"It didn't work like that for me. Reported my bike stolen, saw it a month later, called the cops and they told me the exact same thing: maybe the new owner bought it 'legit' and then it's theirs. I stole it back tho lol.",,,
,"Depends. If the bike is bought at a store (and you have proof), the buyer won't lose the bike.",,,
,"In Dutch we say: â€U praat poepâ€. Thatâ€˜s not how it goes here, in Amsterdam.",,,
,I get where you are coming from and most likely you wont get your bike back because of the big strain on police here especially in Amsterdam but you never know. Stealing it back is the quickest option tho.,,,
,"My bike was stolen by a white guy ðŸ’ he was wearing quite expensive clothes, shoes, headphonesâ€¦. and i am sure he sold it after. So yeah. You can never be sure. (Yes i know who was it, my bike was under a camera, i have 15 minutes of recording)",,,
,"If you buy it from someone who isn't white and use that as your sole piece of ""evidence"" that it was stolen, then yes, you'll (hopefully) be called a racist, because that's what you're being.",,,
,"Precies.. ter goeder trouw had je het over toch, met een opengeslepen slot.",,,
,Your post has been removed. /r/Amsterdam may not be used for illegal purposes or for advocating illegal behavior.,,,
,"People are trying to be holier than the pope onhere. I grew up in Utrecht/Amsterdam and when I was 12 or something my first bike was stolen (as in first time that happened). It happened another few times in later years and after a while my parents, wisely, decided it was basically my problem and I should solve it. Given that they had also stopped buying new bikes with insurance because the bikes would break (due to varying causes) relatively quickly if not stolen. 

So there came a time where my bike was stolen again after 'clubbing' and I just looked for one which wasn't locked while walking home. Or a junkie with a bike for 5-10 guilder. The well known 'stationsfiets'.

That's how it realisticly works, although things have changed for me so I haven't been in that position for years.",,,
,"I am very open. I am very open about my belief that you are a bad person, and your actions directly make the world a worse place to live, made all the more pathetic by the fact that you lie to yourself so you don't have to confront the possibility that you are a bad person.",,,
,Your post has been removed. /r/Amsterdam may not be used for illegal purposes or for advocating illegal behavior.,,,
,"I mean after my electric bike got stolen i just steal 5 or 6 bikes and resell it as second hand in a span of 2 years to get my money back. 

Anyways thatâ€™s a joke that i wish i have the time to do lol.",,,
,"Still dude id put a tracker on mthe bike , and re steal  it ive had 3 bikes stolen from me in berlin one was a e bike worth 899â‚¬  i told the cops they did nothing , sometimes you gotta take matters into your own hands . 

Catch em in dark alley at night  and give them their well deserved karma , i hate bicycle stealers ðŸ˜¡ â€¦ 

Fucjj the laws brio Im not loosing no 900 â‚¬ bike to a junkie peasant leeche
Who steals bikes for a living  â€¦
And puts people in unfortunate situations 
34/24
Guess im just built like that idk
Even i mf we donâ€™t end up fighting you it 
Id have my homies jump you
 And takw my ahit. BAck 

Or id just slash the tires and break it
Onn purpose cut all then wires if i canâ€™t brneither cam youb


As far as adapting goes i think you mean just leave it and let them have it , im from haiti where people get killed over 50 is dollars .. 
we dont let shit slide",,,
,'Heling' is illegal,,,
,"That's what I'd do too, although I wouldn't call it stealing it back but just taking back what is mine.",,,
,I didn't know Amsterdam operated under different laws than in the rest of the Netherlands... when are you seceding?,,,
,"You're being the racist here; I never said anything about someone being white or not. I just said you CAN (probably) tell if someone is a bike thief (or, say, a junkie); just like you can see if someone who asks ""Mag ik je wat vragen?"" on the street is a homeless person who is about to ask for money to buy more beer.

The sarcastic part after the comma was added because of the sad times that we live in where everyone thinks they are being discriminated and shout ""racism"" when that isn't the case. Just being tired of that; and you just proved my point.",,,
,Te goeder trouw is met kapot slot wat lastig haha. Maar dat concept plus te weinig politie=amper vervolging. Dus dan durven mensen het risico wel te lopen. De meeste mensen nemen het maar aan. En als ze hun fiets weer tegenkomen dan openzagen (wat ook weer legally tricky is maar goed),,,
,"Lmao. Not stealing or buying stolen things is bare minimum ""not being human garbage"" territory, not ""holier than the pope""",,,
,"Hahah damn, that would be power move. But no im talking about the womenâ€™s bike, a basic bike worth 3/400 euros maximum usually not even. Race bikes/electric bikes are a whole different league. And should be punished! But Iâ€™m talking about those crackbikes as you can see in the picture",,,
,Lmaooooooo,,,
,"Only if you know. Proving that is hard, hence the 'good faith' caveat",,,
,"Haha, okay then, you got me, Iâ€™m a massive racist!!!",,,
,"Ik denk dat ik hetzelfde zou doen na de zoveelste keer. Gelukkig nog maar Ã©Ã©n keer overkomen. Nu een fietsbel waar een airtag in zit dus wellicht een leuk uitje met de mannen, Een sixpack pils en gaan!",,,
,"It's not illegal but the sale is still null and void, at least in Dutch law. The police officer told you bad information. The owner can't legally own it because it could not have legally been sold.

They're not getting the blame but they'll still be in the hole for whatever they paid for it. Technically they should get their money back from the seller but obviously that's never going to happen.",,,
,"Ik heb in de 15 jaar die ik in Ams woon nog nooit een fiets gehad die mooi genoeg was voor een airtag. Wel allemaal legaal, maar echt 'terugtraprem, geen versnellingen' basic fietsen haha. Hij moet buiten staan dus mooi is gewoon niet handig in Centrum. Ik vind het wel een slimme plek - daar kijken ze nooit (tenzij ze op reddit zitten)",,,
Blending in,"ducks in a row
#yellow #amsterdam #BinnenIJ #canals #iphonephotography",154,10,mathysva
,Is that a girl or a buoy?,,,
,Good eye!,,,
,Nice :) I like it,,,
,Fantastic photo OP,,,
,"Such a beautiful picture, but why the hashtags? This is not Twitter.",,,
,On new years eve many years ago we stayed at the Amrath hotel on the left and went there with my friends LPG powered rusty 1989 Volvo 244 GL. It took you 7 actions to start the car and 6 to stop the engine. We calmly explained this to the valet who didn't blink an eye and parked the old box perfectly and returned it right on time the day after. Best hotel ever.,,,
,"What's blending in, I dont see it?

/j",,,
,I crossed that bridge.,,,
,Buoyeeee,,,
